Landmarks,Length
"[-0.2904878  -0.16641041 -0.09852826 ... -0.39651233 -0.70850587
 -0.05254742]",4356
"[-1.14277988 -1.14277988 -1.14277988 ... -0.49046609 -0.25420246
  0.02268253]",4752
"[-1.06837073 -1.06837073 -1.06837073 ... -0.42379022 -0.27514243
  0.02454704]",4752
"[-0.22918894 -0.11131902 -0.05098939 ... -0.71193236 -1.33595133
 -0.10114186]",4356
"[-0.87611416 -0.80004271 -0.7496262  ... -0.14456527 -0.09757592
 -0.03150388]",4356
"[-1.12677718 -1.12677718 -1.12677718 ... -0.62695515 -0.59664565
  0.07565178]",4158
"[-1.13677586 -1.13677586 -1.13677586 ... -0.56147403 -0.72693294
  0.08900249]",4158
"[-0.73616662 -0.6641765  -0.61268805 ... -0.41015524 -1.05729473
 -0.07388709]",4158
"[-0.17041456 -0.12579402 -0.10721782 ... -0.36243102 -0.32247633
 -0.05385411]",3960
"[-1.10825992 -1.10825992 -1.10825992 ...  0.00279748 -0.52723974
  0.02895301]",3366
"[-1.09939659 -1.09939659 -1.09939659 ... -0.0572251  -0.51424623
  0.02830936]",3564
"[-0.24053451 -0.15635459 -0.0870754  ... -0.66624027 -0.47068155
 -0.0753464 ]",3366
"[-0.32472385 -0.22424643 -0.18032464 ... -0.37871936 -0.33875376
 -0.05258493]",3960
"[-1.11235824 -1.11235824 -1.11235824 ... -0.18693447 -0.47039822
  0.01814497]",3762
"[-1.09967764 -1.09967764 -1.09967764 ... -0.21266706 -0.49290049
  0.01708571]",3762
"[-0.22258412 -0.10252207 -0.05166316 ... -0.36459041 -0.31909311
 -0.06194209]",3762
"[-0.30041499 -0.2408402  -0.21108628 ... -0.38904843 -0.17388716
 -0.01218719]",4356
"[-1.10924411e+00 -1.10924411e+00 -1.10924411e+00 ... -4.31475550e-01
 -1.20906365e+00 -1.02989038e-03]",3762
"[-1.11145059 -1.11145059 -1.11145059 ... -0.40638769 -1.17782974
  0.00580515]",3762
"[-1.20445789 -1.20445789 -1.20445789 ... -0.29498151 -0.3048999
 -0.03301004]",3762
"[-2.30712838 -2.30712838 -2.30712838 ... -0.28869665 -0.28479975
 -0.02458104]",4158
"[-1.16660536 -1.16660536 -1.16660536 ... -0.14761166 -0.33284667
  0.02076175]",3564
"[-1.14530286 -1.14530286 -1.14530286 ... -0.2178572  -0.28416124
  0.01136269]",3564
"[-1.13333451 -1.13333451 -1.13333451 ... -0.3548499  -0.35986406
 -0.06064608]",3564
"[ 0.09022976  0.24648839  0.35241758 ...  0.02065112 -1.10124969
  0.06795387]",3366
"[ 0.08301756  0.23596729  0.33965335 ... -0.01075994 -1.16620564
  0.06447734]",3366
"[-1.5954399  -1.5954399  -1.5954399  ... -0.34081575  0.26655415
 -0.17283453]",3762
"[-1.24046016 -1.24046016 -1.24046016 ... -0.12035459 -0.63987535
  0.03746471]",3564
"[-1.22942558 -1.22942558 -1.22942558 ... -0.11648148 -0.65499753
  0.04264973]",3564
"[-0.55076786 -0.47397514 -0.42280078 ... -0.38629928 -0.15557773
 -0.10498608]",3564
"[-1.19948965 -1.19948965 -1.19948965 ... -0.22750396 -0.66173631
  0.0438995 ]",3564
"[-1.20572479 -1.20572479 -1.20572479 ... -0.20390834 -0.64287156
  0.05403993]",3564
"[-0.55992169 -0.5140187  -0.49645108 ... -0.45103851 -0.07767206
 -0.14853008]",3366
"[ 0.36599347  0.46944593  0.59280474 ... -0.08504713 -0.52266568
  0.06441652]",3366
"[ 0.36280392  0.46393485  0.58452541 ... -0.07257724 -0.50636822
  0.06665406]",3366
"[-1.49861421 -1.49861421 -1.49861421 ... -0.4440431   0.07198453
 -0.14316332]",3366
"[-0.17668196 -0.04200831  0.04080855 ... -0.05041962 -0.39325574
  0.05239443]",4752
"[-1.62665331 -1.62665331 -1.62665331 ... -0.39321041 -0.21441087
 -0.07839736]",4752
"[-1.40631223 -1.40631223 -1.40631223 ... -0.46921802 -0.12231951
 -0.10919359]",4752
"[-0.18496337 -0.01943594  0.06599814 ... -0.17284231 -0.63704872
  0.04500927]",4752
"[-2.61402105 -2.61402105 -2.61402105 ... -0.10162843 -0.40207976
  0.05184585]",3762
"[-0.28608685 -0.22968344 -0.22843421 ... -0.27982959 -0.22503267
 -0.06133671]",3366
"[-0.29157319 -0.23510232 -0.2338516  ... -0.37841386 -0.17883262
 -0.07671078]",3366
"[-1.16647587 -1.16647587 -1.16647587 ...  0.00735661 -0.59083503
  0.04338007]",3564
"[ 0.0509047   0.18934428  0.28143359 ... -0.22330694 -0.4281297
  0.03004289]",3564
"[-1.66254353 -1.66254353 -1.66254353 ... -0.55752391 -0.28083515
 -0.12191445]",3762
"[-1.44696748 -1.44696748 -1.44696748 ... -0.60517216 -0.3674385
 -0.11682429]",3762
"[-1.30365499 -1.30365499 -1.30365499 ...  0.14643644 -0.54993129
  0.10730597]",3564
"[-0.03176593  0.09654773  0.16653509 ... -0.23815046 -0.47004747
  0.02610683]",4158
"[-1.68081468 -1.68081468 -1.68081468 ... -0.44097808 -0.29400316
 -0.08764478]",3960
"[-1.3941027  -1.3941027  -1.3941027  ... -0.54583073 -0.29137406
 -0.11059654]",3960
"[-0.23439314 -0.08494797 -0.01939837 ... -0.26519072 -0.6319654
  0.02250426]",4158
"[-1.35103861 -1.35103861 -1.35103861 ... -0.47504544 -0.47875789
 -0.0538337 ]",4752
"[-1.22304074 -1.22304074 -1.22304074 ... -0.48185483 -0.47727236
 -0.05607063]",4752
"[-0.03303705  0.09792388  0.15330631 ... -0.31828886 -0.57875389
  0.03069972]",4752
"[-0.19936322 -0.08831896 -0.02751496 ... -0.26288244 -0.35431841
  0.01197557]",3564
"[-1.17338583 -1.17338583 -1.17338583 ... -0.36174414 -0.45553744
  0.00890918]",3960
"[-0.16908672 -0.09509034 -0.05572563 ... -0.36245233 -0.48343986
  0.00715871]",3960
"[-0.21036642 -0.11524829 -0.06703514 ... -0.37916309 -0.54105282
  0.02439165]",3564
"[-0.21833187 -0.13900179 -0.11619225 ... -0.3150079  -0.39993107
  0.01124144]",4950
"[-1.18420196e+00 -1.18420196e+00 -1.18420196e+00 ... -4.51146305e-01
 -5.64164162e-01  4.17777832e-04]",5148
"[-0.17924218 -0.12423521 -0.11385205 ... -0.45364273 -0.57097471
  0.0029785 ]",5148
"[-1.58797875 -1.58797875 -1.58797875 ... -0.43816379 -0.61895955
  0.02820996]",4950
"[-0.21811328 -0.13531161 -0.10258221 ... -0.28758952 -0.37706858
  0.00819123]",2772
"[-1.1943889  -1.1943889  -1.1943889  ... -0.34461942 -0.52781355
  0.01381264]",3762
"[-0.19710662 -0.12394459 -0.07829488 ... -0.3528353  -0.52700657
  0.01767012]",3762
"[-0.19382261 -0.11029763 -0.07831813 ... -0.39599368 -0.59172654
  0.02860525]",3168
"[-0.23199054 -0.13527422 -0.08198615 ... -0.32200795 -0.42313623
  0.01335573]",5346
"[-1.22605009 -1.22605009 -1.22605009 ... -0.42670751 -0.49581447
  0.00568407]",5742
"[-0.23575917 -0.10802405 -0.02318495 ... -0.38853651 -0.49000713
  0.00843182]",5742
"[-1.59793217 -1.59793217 -1.59793217 ... -0.45260224 -0.69606113
  0.03220841]",5346
"[-3.60001266 -3.60001266 -3.60001266 ... -0.33941847 -0.28256255
 -0.0116885 ]",3564
"[-0.17136222 -0.02988935  0.05497287 ... -0.18948308 -0.51379251
  0.04991538]",3960
"[-0.17325829 -0.02533364  0.05653388 ... -0.13332029 -0.50016874
  0.05385927]",3960
"[-1.78056554 -1.78056554 -1.78056554 ... -0.33128968 -0.05332392
 -0.06947538]",3762
"[-5.31857999 -5.31857999 -5.31857999 ... -0.29695699 -0.1889886
 -0.01955538]",3960
"[-0.21520521 -0.08792581 -0.02569696 ... -0.11615147 -0.51088047
  0.0482065 ]",4356
"[-0.1767123  -0.03465568  0.02590956 ... -0.09238141 -0.49327284
  0.04492918]",4356
"[-1.67030289 -1.67030289 -1.67030289 ... -0.21482337  0.05703826
 -0.05983322]",4554
"[-0.20742126 -0.08035392 -0.01731585 ... -0.22183083 -0.59013218
  0.03671001]",5346
"[-0.1408599  -0.00348263  0.05979595 ... -0.20328248 -0.57556605
  0.03915634]",5346
"[-0.23881579 -0.23556259 -0.24542013 ... -0.38514337 -0.12710281
 -0.05311999]",5148
"[-0.13028271 -0.00323774  0.05472713 ... -0.27355087 -0.56852072
  0.03920355]",4554
"[-0.03270207  0.09595472  0.15150779 ... -0.21662353 -0.55562323
  0.0411283 ]",4554
"[-1.75124512 -1.75124512 -1.75124512 ... -0.42389289 -0.25289673
 -0.05089672]",4554
"[-1.4316031  -1.4316031  -1.4316031  ... -0.35373506 -0.11093781
 -0.0911022 ]",3564
"[-1.36818839 -1.36818839 -1.36818839 ... -0.35213816 -0.10584988
 -0.09534375]",3564
"[-0.28455002 -0.13760384 -0.05346958 ... -0.10159527 -0.48796228
  0.05854679]",3366
"[-1.4779043  -1.4779043  -1.4779043  ... -0.1593221   0.17868282
 -0.10769226]",3960
"[-1.43663895 -1.43663895 -1.43663895 ... -0.13768817  0.21339817
 -0.10869319]",3960
"[-0.05515355  0.08910313  0.15898323 ...  0.24211864 -0.27949616
  0.07482729]",3762
"[-0.24383855 -0.10112176 -0.05402908 ... -0.2475981  -0.43901491
  0.0292213 ]",4752
"[-1.52608144 -1.52608144 -1.52608144 ... -0.20218179 -0.0037657
 -0.08650123]",4752
"[-1.32634002 -1.32634002 -1.32634002 ... -0.2151847   0.00817657
 -0.09203999]",4752
"[-0.18263287 -0.06548188 -0.02179896 ... -0.10221825 -0.47658002
  0.0496203 ]",4752
"[-0.02979081  0.12647769  0.1894619  ... -0.21773903 -0.40631303
  0.02756486]",4356
"[-1.34820945 -1.34820945 -1.34820945 ... -0.35607356 -0.14810346
 -0.08062233]",4158
"[-1.22005301 -1.22005301 -1.22005301 ... -0.29437464 -0.05683428
 -0.08941084]",4356
"[-0.02273538  0.10728681  0.16227225 ... -0.10392455 -0.42894638
  0.04860166]",4356
"[-0.22997063 -0.15580855 -0.09565656 ... -0.29410782 -0.39838332
  0.00895107]",4158
"[-1.01852129 -1.01852129 -1.01852129 ... -0.60604209 -0.73857373
  0.0033717 ]",4158
"[-0.17776656 -0.10998175 -0.09294819 ... -0.5399074  -0.69069707
  0.00714277]",4158
"[-1.59256124 -1.59256124 -1.59256124 ... -0.41320503 -0.71632236
  0.02493869]",3960
"[-0.36956193 -0.3774455  -0.37163152 ... -0.32729709 -0.41105956
  0.00873256]",5148
"[-0.97848874 -0.97848874 -0.97848874 ... -0.54819036 -0.67932785
  0.00931464]",5346
"[-0.15332928 -0.09324424 -0.08441014 ... -0.51330817 -0.65729016
  0.0110179 ]",5346
"[-0.32843281 -0.29959175 -0.27192343 ... -0.45352849 -0.68293744
  0.02076583]",5148
"[-0.29163776 -0.17762467 -0.09419436 ... -0.25365865 -0.36880857
  0.01741489]",4158
"[-0.23316113 -0.15480479 -0.13245707 ... -0.49497953 -0.53917444
  0.01056204]",4158
"[-0.17196058 -0.09550498 -0.07369936 ... -0.46440312 -0.53937036
  0.01251162]",4158
"[-0.13656807 -0.05154164 -0.01313307 ... -0.2433629  -0.58008981
  0.03937817]",4158
"[-0.24112832 -0.14067005 -0.10507652 ... -0.30423453 -0.32198295
  0.00557857]",5148
"[-0.93196142 -0.93196142 -0.93196142 ... -0.35605785 -0.66372794
  0.0342642 ]",4950
"[-0.89155636 -0.89155636 -0.89155636 ... -0.24575812 -0.6170069
  0.03939541]",5148
"[-0.18837925 -0.10613397 -0.07368125 ... -0.25154248 -0.38619938
  0.01735412]",4950
"[-0.31372692 -0.27675363 -0.25854469 ... -0.32790074 -0.23268951
 -0.03066686]",4356
"[-0.85789865 -0.85789865 -0.85789865 ... -0.3488999  -0.71394497
  0.04073768]",4554
"[-0.1411011  -0.02069164  0.04344735 ... -0.29931277 -0.70169538
  0.04038657]",4554
"[-0.20400438 -0.16437801 -0.1549987  ... -0.45711288 -0.24693055
 -0.05498538]",4554
"[-0.35041351 -0.30355578 -0.29381582 ... -0.23948166 -0.07349324
 -0.02338594]",4554
"[-0.9871305  -0.9871305  -0.9871305  ... -0.13099283 -0.59546393
  0.04322401]",4752
"[-0.03218019  0.1099618   0.17756113 ... -0.14116246 -0.57913965
  0.04793632]",4752
"[-1.82258431 -1.82258431 -1.82258431 ... -0.32470503 -0.16299732
 -0.03388967]",4554
"[ 0.02865753  0.17091572  0.25756725 ... -0.37748474 -0.68149441
  0.03477941]",4950
"[-0.06849726  0.0622134   0.12425657 ... -0.36262169 -0.65291172
  0.03730201]",5148
"[-0.32471383 -0.25904391 -0.23799913 ... -0.32873136 -0.27921572
 -0.03060263]",5148
"[-0.99487499 -0.99487499 -0.99487499 ... -0.17278104 -0.5770663
  0.04117682]",4752
"[-1.00417084 -1.00417084 -1.00417084 ... -0.16877443 -0.57877499
  0.04449238]",4950
"[-0.29143353 -0.23076754 -0.20549304 ... -0.25143474 -0.24034952
 -0.02662264]",4752
"[-1.24409733 -1.24409733 -1.24409733 ... -0.49504921 -0.25135908
 -0.08630163]",4752
"[-1.18686565 -1.18686565 -1.18686565 ... -0.44916871 -0.20701492
 -0.0825708 ]",4950
"[ 1.31227751  1.29768737  1.29639757 ... -0.09762541 -0.53278446
  0.05737479]",4554
"[-1.23680446 -1.23680446 -1.23680446 ... -0.45876974 -0.26270035
 -0.06699767]",4752
"[-0.23153748 -0.19297771 -0.19351322 ... -0.43971446 -0.19822748
 -0.0778756 ]",5148
"[-0.10438666  0.03727853  0.09408913 ... -0.16797519 -0.59815067
  0.05537024]",4554
"[-0.00078449  0.07450614  0.14558118 ... -0.22323062 -0.44884449
  0.02745642]",4356
"[-1.12350714 -1.12350714 -1.12350714 ... -0.50021726 -0.24402694
 -0.08148643]",4158
"[-1.16153536 -1.16153536 -1.16153536 ... -0.3776837  -0.13337615
 -0.07786426]",4356
"[ 0.04235403  0.18446499  0.23923463 ... -0.18289609 -0.55371654
  0.04619455]",4356
"[-0.08850604  0.04612629  0.14150513 ... -0.31217521 -0.3952986
  0.01294834]",3564
"[-0.2254262  -0.15337434 -0.13768848 ... -0.52879447 -0.59180731
 -0.00134592]",3564
"[-0.18973146 -0.12823507 -0.11801124 ... -0.52595508 -0.60805535
  0.00507111]",3762
"[-0.01986525  0.11291676  0.21658147 ... -0.21031159 -0.48800263
  0.03089054]",3564
"[-0.10637804  0.02832408  0.07998606 ... -0.31686467 -0.39837143
  0.01483311]",4356
"[-0.20285548 -0.12466713 -0.09543041 ... -0.59824246 -0.62425232
 -0.00603405]",4158
"[-0.2147366  -0.14231723 -0.11020426 ... -0.62674761 -0.67685032
 -0.00281998]",4356
"[-0.13009769 -0.02305854  0.02133025 ... -0.3231509  -0.5412696
  0.03153517]",4356
"[-0.255078   -0.12519703 -0.06946958 ... -0.2972075  -0.39186272
  0.01518139]",4950
"[-0.20809341 -0.14774206 -0.13693548 ... -0.52392381 -0.63960356
 -0.0039831 ]",4752
"[-2.03479479e-01 -1.44354622e-01 -1.28134488e-01 ... -5.68643034e-01
 -6.89382672e-01 -3.04581918e-04]",4950
"[-0.14829326 -0.05342118 -0.01009784 ... -0.48419541 -0.69147831
  0.02869009]",4950
"[-0.22809002 -0.11897074 -0.07557447 ... -0.30123967 -0.37793642
  0.01549885]",3564
"[-0.17631894 -0.0951024  -0.06174337 ... -0.51052117 -0.62814188
  0.00645351]",3564
"[-0.18883575 -0.11945181 -0.0981276  ... -0.49781403 -0.63645035
  0.00294935]",3762
"[-0.18136418 -0.07726407 -0.03655868 ... -0.35616678 -0.54089087
  0.03976491]",3564
"[-0.31458901 -0.25114813 -0.23822107 ... -0.24721074 -0.14597075
 -0.01853294]",4158
"[ 0.0215881   0.17940595  0.2683304  ... -0.21510504 -0.64922059
  0.04671194]",3762
"[-0.01607028  0.14446975  0.22986593 ... -0.23174134 -0.65648699
  0.04976149]",3960
"[-0.29958284 -0.23604951 -0.22158396 ... -0.22602773 -0.045938
 -0.04326363]",3960
"[-0.34894224 -0.26338546 -0.23662929 ... -0.23975995 -0.15629871
 -0.01585715]",3366
"[-1.03311409 -1.03311409 -1.03311409 ... -0.17892534 -0.61807084
  0.04062004]",3564
"[-0.11144925  0.02178847  0.0708867  ... -0.1652668  -0.60909802
  0.04712663]",3564
"[-0.31685692 -0.23371293 -0.20550255 ... -0.22855909 -0.10509412
 -0.03677268]",3564
"[-0.05748477  0.07987784  0.14970735 ... -0.25729823 -0.6466772
  0.04307033]",4158
"[-0.05436337  0.08034213  0.14137239 ... -0.27118844 -0.65408975
  0.04323405]",4356
"[-1.82718559 -1.82718559 -1.82718559 ... -0.50641471 -0.23673072
 -0.06505015]",4158
"[-0.06757404  0.07189771  0.13587944 ... -0.34389243 -0.5892626
  0.03100342]",3960
"[-0.06991561  0.06577157  0.11716774 ... -0.36036491 -0.59514999
  0.02971571]",4158
"[-1.84731295 -1.84731295 -1.84731295 ... -0.38893586 -0.40622917
  0.00719832]",3960
"[-1.40993462 -1.40993462 -1.40993462 ... -0.37272781 -0.11372104
 -0.10737668]",4158
"[-1.33537581 -1.33537581 -1.33537581 ... -0.3050161  -0.03614354
 -0.1127529 ]",4356
"[ 0.13025017  0.31265936  0.4095605  ... -0.14824983 -0.53695869
  0.05440987]",4158
"[-1.31450292 -1.31450292 -1.31450292 ... -0.35315916 -0.22594079
 -0.07934451]",3960
"[-1.20213803 -1.20213803 -1.20213803 ... -0.38875976 -0.24817894
 -0.07925911]",3960
"[ 0.14263038  0.31174482  0.40488606 ... -0.12597087 -0.51472092
  0.05843126]",3564
"[ 0.03571392  0.14949506  0.19288049 ... -0.26352233 -0.4286913
  0.02650186]",4158
"[-1.28062398 -1.28062398 -1.28062398 ... -0.41471472 -0.16449329
 -0.09034266]",4158
"[-0.23390834 -0.19229341 -0.1786114  ... -0.43351036 -0.19580472
 -0.098974  ]",4158
"[ 0.00749917  0.14693733  0.2078693  ... -0.1224852  -0.48632067
  0.03919566]",3960
"[ 0.02553724  0.11539101  0.15448597 ... -0.27260229 -0.45637983
  0.03180264]",3960
"[-0.28046067 -0.21214851 -0.18869242 ... -0.47800609 -0.2696318
 -0.09017416]",3762
"[-0.25711325 -0.18433664 -0.16031361 ... -0.46622324 -0.25210869
 -0.08879861]",3960
"[ 0.00079225  0.13904743  0.19992753 ... -0.14278862 -0.52079773
  0.04445458]",3762
"[-3.57298183 -3.57298183 -3.57298183 ... -0.17447321 -0.17679575
 -0.0080533 ]",4554
"[-0.036898    0.03439434  0.05708143 ... -0.27358401 -0.45861101
  0.02316059]",4554
"[-0.08699963 -0.00663078  0.02106922 ... -0.27902535 -0.45968869
  0.02407746]",4554
"[-0.20464525 -0.13101788 -0.10479711 ... -0.23732416 -0.26806942
 -0.01464511]",4554
"[-3.12446998 -3.12446998 -3.12446998 ... -0.197322   -0.22264464
 -0.01034466]",4356
"[-0.07719638  0.00677202  0.04187732 ... -0.23405667 -0.41167042
  0.0261152 ]",4752
"[-0.06460169  0.01625913  0.05081534 ... -0.17748682 -0.33895662
  0.02175824]",4752
"[-0.20572658 -0.12582116 -0.10204483 ... -0.20049627 -0.25635618
 -0.01816614]",4554
"[-3.38853488 -3.38853488 -3.38853488 ... -0.0526502  -0.22535206
  0.01639911]",4158
"[-0.35312394 -0.26349089 -0.22305682 ... -0.18325323  0.11769786
 -0.07666907]",4158
"[-0.25563468 -0.16322275 -0.12153511 ... -0.19074441  0.11260705
 -0.07825039]",4158
"[-0.15385431 -0.02680946  0.02720895 ...  0.10637303 -0.23732795
  0.0453238 ]",4158
"[ 0.08304861  0.21446661  0.27509849 ... -0.01887148 -0.28283063
  0.06317914]",2970
"[-2.27878783 -2.27878783 -2.27878783 ... -0.26616102 -0.01830579
 -0.08735041]",4158
"[-1.99557975 -1.99557975 -1.99557975 ... -0.18986872  0.06942578
 -0.09164882]",4158
"[-0.10632885  0.03179877  0.09007639 ...  0.07322711 -0.33069769
  0.05477956]",3960
"[-3.20418928 -3.20418928 -3.20418928 ... -0.19665673 -0.06368644
 -0.0356953 ]",4752
"[-0.05574142  0.05691271  0.11223856 ...  0.05585191 -0.36227539
  0.06089552]",4752
"[-0.06780995  0.05255933  0.10852234 ...  0.06293066 -0.3142634
  0.05568775]",4752
"[-0.18396136 -0.1158143  -0.10498131 ... -0.11507631  0.14671688
 -0.07077736]",4752
"[-3.85624035 -3.85624035 -3.85624035 ... -0.16822024 -0.05296932
 -0.03207157]",4158
"[-0.09948045  0.03274139  0.08970563 ...  0.02772089 -0.43138608
  0.07295885]",4356
"[-0.09567755  0.02814002  0.082548   ...  0.0200521  -0.43405494
  0.07405369]",4356
"[-0.20078545 -0.16208382 -0.17146884 ... -0.1755092   0.12554222
 -0.08288282]",4356
"[-0.04613451  0.07122916  0.12879356 ... -0.15546951 -0.46764356
  0.03578747]",4554
"[ 0.01498608  0.13599837  0.18861223 ... -0.19551645 -0.4938997
  0.03559502]",4554
"[-0.18930609 -0.14941313 -0.15197408 ... -0.13891622  0.02350049
 -0.03335088]",4554
"[-0.11951104 -0.00094837  0.05817562 ... -0.16778447 -0.37129977
  0.01993469]",4554
"[-0.0886332   0.02428824  0.07815179 ... -0.21909891 -0.37656996
  0.0223764 ]",4554
"[-1.77086727 -1.77086727 -1.77086727 ... -0.24295838 -0.37223026
  0.0052326 ]",4554
"[-1.7812027  -1.7812027  -1.7812027  ... -0.22913674  0.10814868
 -0.07583749]",4356
"[-0.41292708 -0.34977422 -0.33368231 ... -0.18721846  0.08918095
 -0.07013656]",4356
"[-0.03268537  0.09805412  0.16488626 ...  0.0280365  -0.40905944
  0.06326698]",4356
"[-1.98239161 -1.98239161 -1.98239161 ... -0.18712364  0.03421623
 -0.07698067]",4356
"[-1.90925572 -1.90925572 -1.90925572 ... -0.20231076 -0.01166916
 -0.07175308]",4356
"[-0.17300895 -0.08601161 -0.05207421 ... -0.04989132 -0.45018688
  0.06153024]",4356
"[-2.94195554 -2.94195554 -2.94195554 ... -0.18594317 -0.30499628
  0.01707095]",2970
"[ 0.90594757  0.84671622  0.78738406 ... -0.34105167 -0.44433197
  0.0314129 ]",3366
"[ 0.90326356  0.84425409  0.78514418 ... -0.33102882 -0.44540289
  0.03112478]",3366
"[ 0.21486738  0.19343928  0.20284325 ... -0.12713113 -0.41201356
  0.04157679]",3564
"[-0.1774253  -0.10093519 -0.07122941 ... -0.31594589 -0.30028766
  0.00638909]",3366
"[-0.25308921 -0.18258084 -0.1561469  ... -0.48289937 -0.40556839
  0.00902482]",3960
"[-0.17689996 -0.10794508 -0.08209356 ... -0.51500553 -0.41723898
  0.0063174 ]",3960
"[-0.08113996 -0.0261208  -0.01458    ... -0.3049359  -0.51920056
  0.03099176]",3564
"[-0.55886886 -0.44340404 -0.4019772  ... -0.34820953 -0.34855396
 -0.00536094]",2376
"[-1.19253011 -1.19253011 -1.19253011 ... -0.46361139 -0.53708178
  0.0184401 ]",3366
"[-1.14513195 -1.14513195 -1.14513195 ... -0.43712291 -0.46506891
  0.01495151]",3366
"[-0.16541816 -0.09397143 -0.06903532 ... -0.48973835 -0.47864878
  0.00069947]",2970
"[-0.15892711 -0.07266144 -0.0454917  ... -0.30781972 -0.41623539
  0.01873521]",3168
"[-0.19310434 -0.1434746  -0.12358951 ... -0.49710163 -0.62355399
  0.01740773]",3366
"[-0.10429675 -0.05521722 -0.03555258 ... -0.51111358 -0.62652183
  0.01337773]",3366
"[-0.07767446 -0.02589057 -0.01471248 ... -0.46068332 -0.69769543
  0.03400524]",3564
"[-0.25638298 -0.19484305 -0.16298536 ... -0.26682663 -0.14108014
 -0.04726427]",4158
"[-1.13939127 -1.13939127 -1.13939127 ... -0.2342831  -0.41369936
  0.05342387]",3960
"[-1.09281497 -1.09281497 -1.09281497 ... -0.23625168 -0.42996541
  0.05295026]",3960
"[-0.10441619 -0.05172774 -0.02945486 ... -0.14086074  0.03348531
 -0.05331826]",3960
"[-6.28158464 -6.28158464 -6.28158464 ... -0.2252944  -0.1447978
 -0.01824414]",3762
"[-0.07605921  0.04144495  0.08285793 ... -0.0959129  -0.5606693
  0.04695842]",3366
"[-0.0247926   0.03834392  0.04294145 ... -0.13161607 -0.57057583
  0.04582811]",3564
"[-1.71684724 -1.71684724 -1.71684724 ... -0.12843691 -0.00904882
 -0.02945151]",3960
"[-0.13870924 -0.04299739 -0.00561379 ... -0.06680067 -0.4700228
  0.05834122]",3960
"[-0.10126332 -0.00393996  0.03291896 ... -0.17181319 -0.52816767
  0.05824561]",3960
"[-1.73234262 -1.73234262 -1.73234262 ... -0.16128838  0.11012863
 -0.07967498]",3960
"[-0.16316322 -0.01146327  0.04989509 ... -0.22286561 -0.47743779
  0.03706377]",4356
"[ 1.2734668   1.24677817  1.2433569  ... -0.22420776 -0.45913357
  0.03705553]",4356
"[-0.49873771 -0.46618538 -0.45036134 ... -0.15890458 -0.27416641
  0.01728467]",3960
"[-1.39170865 -1.39170865 -1.39170865 ... -0.43014172 -0.15723526
 -0.09056973]",4158
"[-0.15086895 -0.09501022 -0.08179358 ... -0.39460674 -0.12566899
 -0.08197922]",4356
"[ 0.02551049  0.15493004  0.2601908  ... -0.17678228 -0.44778529
  0.03320664]",4356
"[-1.36036874 -1.36036874 -1.36036874 ... -0.33778208 -0.21262629
 -0.05707045]",3564
"[-1.3366692  -1.3366692  -1.3366692  ... -0.34708136 -0.18449633
 -0.06221116]",3564
"[-0.10471816 -0.01164003  0.02051761 ... -0.09218927 -0.55768639
  0.05909477]",3762
"[-0.19186939 -0.08000892 -0.04520579 ... -0.23794961 -0.4084371
  0.02735765]",3960
"[-1.44383188 -1.44383188 -1.44383188 ... -0.45688328 -0.05214452
 -0.10973447]",4158
"[-1.34231163 -1.34231163 -1.34231163 ... -0.44476059 -0.0374964
 -0.12194553]",4158
"[-0.27825251 -0.15859134 -0.12029822 ... -0.19395721 -0.5564568
  0.04221467]",4158
"[ 0.0458595   0.18446486  0.25035161 ... -0.20507073 -0.32300109
  0.01548249]",3960
"[-1.40739239 -1.40739239 -1.40739239 ... -0.36222643 -0.07298905
 -0.0849179 ]",3960
"[-1.28532653 -1.28532653 -1.28532653 ... -0.4649215  -0.13018209
 -0.09544031]",3960
"[-0.03121691  0.1002338   0.16498713 ... -0.21546422 -0.53589749
  0.03690575]",4356
"[-0.19811768 -0.06994489  0.00704335 ... -0.31678474 -0.36909378
  0.00720669]",4158
"[-1.19223266 -1.19223266 -1.19223266 ... -0.35510233 -0.21851067
 -0.03748519]",4158
"[-1.10653527 -1.10653527 -1.10653527 ... -0.46405429 -0.39543995
 -0.02756467]",4356
"[ 1.09357456  1.07884276  1.08457898 ... -0.36529356 -0.56564111
  0.02389858]",3960
"[-0.33589383 -0.16089059 -0.09048987 ... -0.29912218 -0.39815876
  0.0179495 ]",4752
"[-0.99981648 -0.99981648 -0.99981648 ... -0.51400608 -0.53533351
 -0.02342089]",4554
"[-0.18533833 -0.15498246 -0.15899866 ... -0.51632673 -0.55584228
 -0.01871318]",4752
"[-0.19093264 -0.08951784 -0.04619282 ... -0.39201942 -0.61534727
  0.03663895]",4554
"[-0.18011879 -0.05764628 -0.00294777 ... -0.30120412 -0.38331851
  0.01598594]",4356
"[-0.19803345 -0.1336924  -0.11283337 ... -0.4328227  -0.55871791
 -0.00724253]",4356
"[-0.20733727 -0.14385759 -0.12964067 ... -0.48339951 -0.57928449
 -0.00312739]",4554
"[-0.12357285 -0.0107476   0.04171107 ... -0.42265582 -0.61976272
  0.02718549]",4356
"[-0.18993237 -0.1094868  -0.07885918 ... -0.42413014 -0.59120125
  0.01100663]",3762
"[-0.15832148 -0.09136415 -0.08616344 ... -0.43073747 -0.55549997
  0.0134413 ]",3960
"[-0.16428075 -0.08172493 -0.04825327 ... -0.39820233 -0.53415245
  0.03272469]",3762
"[-0.35059392 -0.28734474 -0.2689018  ... -0.24408104 -0.16139457
 -0.00879761]",4950
"[-1.15684623 -1.15684623 -1.15684623 ... -0.3379598  -0.66739911
  0.0366988 ]",5148
"[-0.0192224   0.117292    0.18541345 ... -0.32838011 -0.6689775
  0.03800784]",5148
"[-0.32745404 -0.26208099 -0.23995748 ... -0.31264722 -0.1780289
 -0.02523051]",4950
"[-0.4296993  -0.32074769 -0.27421818 ... -0.24749814 -0.19418244
 -0.0022305 ]",4356
"[-1.06706728 -1.06706728 -1.06706728 ... -0.20059749 -0.60289603
  0.04312897]",4356
"[-0.03183816  0.10624499  0.18529812 ... -0.19949584 -0.57422358
  0.04223543]",4356
"[-0.37688551 -0.27618654 -0.19692779 ... -0.23993781 -0.11413043
 -0.02577975]",4158
"[-0.355012   -0.29166074 -0.2691333  ... -0.27314204 -0.1623306
 -0.03800141]",4158
"[-1.12709182 -1.12709182 -1.12709182 ... -0.29831803 -0.67466378
  0.04998896]",4356
"[-0.07687251  0.06396266  0.14559335 ... -0.2720252  -0.61412501
  0.05102209]",4356
"[-0.3356754  -0.27352318 -0.25420934 ... -0.4049578  -0.20978414
 -0.06171854]",4158
"[-0.31683878 -0.25870443 -0.24581508 ... -0.27100518 -0.17868295
 -0.02255431]",3960
"[-1.23687437 -1.23687437 -1.23687437 ... -0.2155723  -0.62802011
  0.05066061]",4158
"[-0.04302082  0.10931321  0.18864237 ... -0.20371477 -0.65181136
  0.05044162]",4158
"[-0.26697211 -0.21345745 -0.19911381 ... -0.28371274 -0.15902649
 -0.04543683]",3960
"[ 0.09932849  0.27983149  0.42497856 ... -0.09449143 -0.35259551
  0.04838983]",3762
"[-1.40808605 -1.40808605 -1.40808605 ... -0.31276324  0.01647685
 -0.11106565]",3366
"[-1.3042236  -1.3042236  -1.3042236  ... -0.29528016  0.04807799
 -0.11558611]",3366
"[ 0.13086482  0.31241145  0.4276511  ...  0.03697289 -0.39344385
  0.06682505]",3762
"[ 0.2364306   0.45658569  0.56596748 ... -0.11997665 -0.41096416
  0.0533709 ]",3366
"[-1.65688462 -1.65688462 -1.65688462 ... -0.26315901  0.06566754
 -0.12248565]",3168
"[-1.41410206 -1.41410206 -1.41410206 ... -0.27641413  0.06820769
 -0.13334413]",3168
"[ 0.12023023  0.28391932  0.36655217 ... -0.05827561 -0.42541623
  0.06080753]",3366
"[-0.12075297  0.10927544  0.20738487 ... -0.22643088 -0.41458753
  0.03401002]",4950
"[-1.44251857 -1.44251857 -1.44251857 ... -0.33614251 -0.08778193
 -0.08615886]",4950
"[-1.24327809 -1.24327809 -1.24327809 ... -0.37240037 -0.08886974
 -0.09486935]",4950
"[-0.02485717  0.12828176  0.1980175  ... -0.0762338  -0.43425035
  0.05312371]",4950
"[-0.08619368  0.08048979  0.1562828  ... -0.22331923 -0.42239991
  0.03446118]",4158
"[-1.32117174 -1.32117174 -1.32117174 ... -0.42633542 -0.13947241
 -0.09332163]",4158
"[-1.18270944 -1.18270944 -1.18270944 ... -0.44768229 -0.14609928
 -0.09987248]",4158
"[-0.01336737  0.11842299  0.18224687 ... -0.09608992 -0.46102226
  0.04236967]",4158
"[-0.2156788  -0.16894295 -0.08945311 ... -0.26697624 -0.42493418
  0.01335321]",3366
"[-0.96580572 -0.96580572 -0.96580572 ... -0.4721503  -0.58373493
  0.01175263]",4356
"[-0.94902652 -0.94902652 -0.94902652 ... -0.48727146 -0.58089042
  0.01157174]",4356
"[-1.44548505 -1.44548505 -1.44548505 ... -0.3100121  -0.67602307
  0.03372372]",3960
"[-0.37557393 -0.20477235 -0.13345393 ... -0.24329099 -0.39732727
  0.02065841]",4158
"[-1.00098393 -1.00098393 -1.00098393 ... -0.49239936 -0.6244542
  0.01214885]",4158
"[-0.15589632 -0.10996491 -0.09170919 ... -0.47005028 -0.61179835
  0.01512174]",4158
"[-0.1514548  -0.03995378  0.00826723 ... -0.35680741 -0.67925453
  0.03211354]",3960
"[-0.16191076 -0.05404882 -0.01539453 ... -0.23309998 -0.35822675
  0.01566073]",4752
"[-0.93631402 -0.93631402 -0.93631402 ... -0.53611106 -0.66072041
  0.01689596]",4752
"[-0.90816662 -0.90816662 -0.90816662 ... -0.49775606 -0.61622024
  0.01779717]",4950
"[-0.15638302 -0.05141193 -0.01659842 ... -0.34041962 -0.64981037
  0.031267  ]",4752
"[-0.40657273 -0.24422944 -0.19864922 ... -0.18772769 -0.31937617
  0.01625595]",4950
"[-0.98613683 -0.98613683 -0.98613683 ... -0.24876384 -0.54206932
  0.0254398 ]",4950
"[-0.19664772 -0.10515478 -0.08496116 ... -0.23589273 -0.50456101
  0.02783726]",4950
"[-0.17800874 -0.07729005 -0.04066317 ... -0.20552768 -0.51284319
  0.03373133]",4752
"[-0.29101018 -0.22424978 -0.21702525 ... -0.31909066 -0.27185595
 -0.02235903]",4158
"[-1.05525661 -1.05525661 -1.05525661 ... -0.2092461  -0.6141637
  0.04129562]",4356
"[-0.15756862 -0.0237805   0.03403231 ... -0.21228692 -0.61774755
  0.04161833]",4356
"[-0.22508437 -0.15093423 -0.13381027 ... -0.34851396 -0.25867677
 -0.02703668]",4356
"[-0.40181462 -0.33546999 -0.3218685  ... -0.3447932  -0.15286584
 -0.03992372]",4554
"[-0.13518642 -0.01287083  0.04170468 ... -0.10263325 -0.56030148
  0.05679175]",4554
"[-0.08674649  0.03595532  0.09070316 ... -0.08949657 -0.56131315
  0.05736903]",4554
"[-0.28056559 -0.21452302 -0.19999023 ... -0.41496906 -0.09940343
 -0.0632984 ]",4356
"[-0.96341048 -0.96341048 -0.96341048 ... -0.19326986 -0.64638776
  0.04961531]",4554
"[-0.97117139 -0.97117139 -0.97117139 ... -0.18365929 -0.62553793
  0.05049136]",4554
"[-0.26697103 -0.22314765 -0.21899645 ... -0.31984496 -0.0578659
 -0.05751702]",4356
"[-0.03451101  0.12546862  0.22651023 ... -0.32369325 -0.59957784
  0.0320491 ]",3960
"[-0.0926411   0.06003595  0.13205556 ... -0.30094332 -0.56526691
  0.03223622]",4158
"[-1.78779654 -1.78779654 -1.78779654 ... -0.31127775 -0.37951505
  0.00492421]",3960
"[-1.00280522 -1.00280522 -1.00280522 ... -0.32853499 -0.23280837
 -0.01652215]",4356
"[-0.99649251 -0.99649251 -0.99649251 ... -0.32988548 -0.23191461
 -0.01723713]",4554
"[-0.07264158  0.05244911  0.10802314 ... -0.17794506 -0.6057564
  0.03797026]",4554
"[-1.00704521 -1.00704521 -1.00704521 ... -0.54354018 -0.42963263
 -0.04305778]",4158
"[-1.00096703 -1.00096703 -1.00096703 ... -0.54538345 -0.43047506
 -0.03789912]",4158
"[ 0.17003286  0.19672289  0.31042003 ... -0.11494034 -0.60538453
  0.04987541]",4158
"[-0.62251823 -0.38756418 -0.29154914 ... -0.21392633 -0.43057269
  0.03359665]",4554
"[-1.02890485 -1.02890485 -1.02890485 ... -0.44155762 -0.40025538
 -0.02226935]",4554
"[-0.98144527 -0.98144527 -0.98144527 ... -0.57649463 -0.49944103
 -0.0286766 ]",4554
"[-0.15909563 -0.04132718 -0.00178944 ... -0.06561469 -0.51237237
  0.04460285]",4554
"[-0.1693745  -0.16014762 -0.11920982 ... -0.19359604 -0.44366053
  0.0277742 ]",4356
"[-1.10419792 -1.10419792 -1.10419792 ... -0.60121888 -0.60088462
  0.001191  ]",4356
"[-1.0111252  -1.0111252  -1.0111252  ... -0.54972589 -0.53012782
  0.00595987]",4356
"[-0.10625942  0.02417663  0.0781268  ... -0.0712245  -0.53645903
  0.04677191]",4356
"[-3.50619874 -3.50619874 -3.50619874 ... -0.34221828 -0.20153069
 -0.03134876]",4158
"[-0.28090267 -0.17463934 -0.1415693  ... -0.30774006 -0.38100621
  0.00729616]",3960
"[-0.12012187 -0.03688663 -0.02205462 ... -0.27349952 -0.53657657
  0.02883783]",3762
"[-0.08828539 -0.00835817  0.01095088 ... -0.28020978 -0.52421165
  0.02810838]",3960
"[-0.19848891 -0.09777876 -0.06453544 ... -0.47931316 -0.67580169
  0.01878908]",3960
"[-0.10718478 -0.02026607  0.00206907 ... -0.21104702 -0.48734108
  0.03182268]",4752
"[-0.0934117  -0.00268708  0.02367453 ... -0.20653062 -0.4760063
  0.02983953]",4752
"[-0.20212101 -0.12268343 -0.0972071  ... -0.29155394 -0.48491952
  0.01892165]",4752
"[-0.03758252  0.11804064  0.20211174 ...  0.0063375  -0.48375121
  0.07446196]",4950
"[ 0.07082873  0.23434898  0.30989562 ... -0.03523099 -0.52522093
  0.07800765]",4752
"[-1.72583563 -1.72583563 -1.72583563 ... -0.37009507  0.06925021
 -0.10443301]",4950
"[-0.21701833 -0.19529177 -0.22200961 ... -0.32990128 -0.21180983
 -0.03614035]",5346
"[-0.12177773 -0.10780922 -0.13540674 ... -0.35796684 -0.26841491
 -0.03032668]",5346
"[-0.22119412 -0.08558521 -0.02991164 ... -0.23173922 -0.61779684
  0.04469138]",5346
"[-0.15448403 -0.06871612 -0.03984425 ... -0.29020455 -0.55369467
  0.03126336]",4950
"[-0.16048816 -0.07256664 -0.04683332 ... -0.30438331 -0.56862956
  0.0298992 ]",4950
"[-0.19687112 -0.13045244 -0.11730025 ... -0.38093901 -0.54478252
  0.01865341]",4950
"[-0.21524886 -0.14204357 -0.13001578 ... -0.33101627 -0.39492464
  0.00769574]",4356
"[-0.14737394 -0.03843875  0.01557536 ... -0.15893799 -0.57859194
  0.04781767]",4554
"[-0.10037058  0.00478173  0.04463351 ... -0.1616272  -0.55326164
  0.04331759]",4554
"[-0.16468456 -0.09447284 -0.08449013 ... -0.3497901  -0.59493095
  0.0269697 ]",4554
"[-0.8268412  -0.9695833  -1.07204705 ... -0.3315506   0.08381449
 -0.08219216]",4554
"[ 0.56713895  0.82981297  0.9493311  ...  0.12441419 -0.44831201
  0.10207724]",4752
"[ 0.40844045  0.69164978  0.82433738 ...  0.13512786 -0.46594849
  0.10693132]",4752
"[-1.0235906  -1.19880949 -1.30339157 ... -0.46382061  0.07316258
 -0.12462296]",4554
"[-0.18991653  0.17481829  0.39168093 ...  0.03163543 -0.42044762
  0.10451096]",3960
"[-4.16129543 -4.16129543 -4.16129543 ... -0.45602366  0.10142808
 -0.1727812 ]",4356
"[-3.58100942 -3.58100942 -3.58100942 ... -0.44020793  0.08222925
 -0.16584389]",4356
"[ 0.31648804  0.5847984   0.733009   ...  0.18101434 -0.52650249
  0.13030796]",4356
"[-0.0257951   0.09393125  0.14590011 ... -0.22806738 -0.43240365
  0.03225542]",4554
"[-1.30550574 -1.30550574 -1.30550574 ... -0.54247868 -0.42547318
 -0.03468572]",4554
"[-0.12579793 -0.07509098 -0.06699322 ... -0.34931961 -0.21052985
 -0.02655617]",4554
"[-0.15403343 -0.02387108  0.04725137 ... -0.09895177 -0.53918463
  0.06339219]",4356
"[ 1.31474161  1.30324105  1.34051475 ... -0.18932803 -0.53440368
  0.04497996]",4158
"[-0.02355455  0.11297504  0.1753617  ... -0.17808604 -0.53071737
  0.04580393]",4158
"[-1.70840643 -1.70840643 -1.70840643 ... -0.46487969 -0.32506034
 -0.03646319]",4158
"[-0.1408804  -0.04340154  0.0294451  ... -0.22727364 -0.27275425
 -0.00331986]",4950
"[-0.02486864  0.03682169  0.06440325 ... -0.263987   -0.40772468
  0.01104721]",4950
"[-0.0977474   0.00054623  0.04361467 ... -0.30482966 -0.44621155
  0.00751151]",4950
"[-1.75255698 -1.75255698 -1.75255698 ... -0.26224199 -0.38815182
  0.00725477]",4950
"[-3.27471458 -3.27471458 -3.27471458 ... -0.17824857 -0.20986421
 -0.0033697 ]",4158
"[-1.13974615e-01 -3.96825417e-02 -3.43031845e-04 ... -2.19584495e-01
 -4.00108993e-01  1.84221789e-02]",4356
"[-0.0813428  -0.00897201  0.02430628 ... -0.18106909 -0.37284607
  0.02402814]",4356
"[-0.1654117  -0.10232523 -0.08989504 ... -0.12983064 -0.19760701
 -0.00312339]",4356
"[-0.23024252 -0.15969433 -0.1309414  ... -0.17953768 -0.25544474
  0.00364231]",4554
"[-0.10792368 -0.03185099  0.02446825 ... -0.20531252 -0.33366814
  0.01414666]",4752
"[-0.07670518  0.00266028  0.05560519 ... -0.18173586 -0.31719923
  0.01541038]",4752
"[-0.22753539 -0.15999992 -0.13250848 ... -0.07464961 -0.23756021
  0.00102324]",4752
"[-0.17948024 -0.09536811 -0.04961001 ... -0.12861075 -0.1884601
 -0.00247807]",4158
"[-0.12670039 -0.0275865   0.01872183 ... -0.2101166  -0.30389157
  0.00801286]",4356
"[-0.10494466 -0.00644395  0.03865008 ... -0.23383297 -0.35743719
  0.01468372]",4356
"[-0.19106501 -0.10436291 -0.05436903 ... -0.00620081 -0.15328856
  0.00217196]",4356
"[-0.0674984   0.06574687  0.12835928 ... -0.04981776 -0.30666485
  0.06259955]",4158
"[-2.08609854 -2.08609854 -2.08609854 ... -0.30621606  0.00460344
 -0.09680133]",4356
"[-0.26642973 -0.15770463 -0.09552199 ... -0.31409773  0.00571222
 -0.09553221]",4356
"[-0.11635634  0.01221936  0.0776486  ...  0.01953004 -0.41639486
  0.08608757]",4356
"[ 0.11553488  0.26156107  0.36716295 ... -0.0595111  -0.28588957
  0.05862249]",4356
"[-2.21962685 -2.21962685 -2.21962685 ... -0.35652268 -0.03263903
 -0.09692398]",4554
"[-0.20809094 -0.16943866 -0.16494826 ... -0.29813024  0.01077082
 -0.09606881]",4554
"[-0.08538879  0.07939334  0.15848322 ...  0.06188464 -0.3178308
  0.05514907]",4554
"[-0.15003072 -0.11087316 -0.10042646 ... -0.27197927 -0.00232792
 -0.08620749]",4356
"[-0.20993188 -0.1704259  -0.16383133 ... -0.28991866  0.04184204
 -0.09201609]",4356
"[-0.15193943 -0.00748203  0.04589719 ...  0.07412326 -0.37923375
  0.07256273]",4356
"[-0.21938897 -0.16204202 -0.15079955 ... -0.24669619 -0.05726216
 -0.06448922]",4158
"[-0.29840685 -0.23931546 -0.22101441 ... -0.25208631 -0.06679998
 -0.06486756]",4158
"[-0.1415258  -0.03104581  0.00689005 ...  0.03872868 -0.31616941
  0.05369184]",4158
"[-0.05328562  0.07634898  0.14450538 ... -0.03127316 -0.42279336
  0.060398  ]",4554
"[-0.00884827  0.11710193  0.1838892  ... -0.01946652 -0.41684002
  0.06129089]",4554
"[-0.1942857  -0.13600793 -0.12190342 ... -0.25348419  0.00698304
 -0.06447408]",4554
"[-0.02035692  0.11241538  0.18753862 ...  0.06022306 -0.37220943
  0.05822622]",4554
"[ 0.08234578  0.21798381  0.29051849 ... -0.05908167 -0.44093856
  0.06110837]",4554
"[-0.31211376 -0.22795844 -0.20329579 ... -0.19951384  0.11741424
 -0.07695487]",4554
"[-3.87370956e+00 -3.87370956e+00 -3.87370956e+00 ... -1.77097037e-01
 -3.10306158e-03 -4.59730066e-02]",3564
"[ 0.06645527  0.18595757  0.24440605 ...  0.06750637 -0.37411213
  0.06780536]",4158
"[ 0.06111877  0.19141393  0.25847646 ...  0.01032428 -0.41266182
  0.06719444]",4158
"[-0.37435836 -0.29321326 -0.26262668 ... -0.17711133  0.09759527
 -0.07986988]",4158
"[-3.82532989 -3.82532989 -3.82532989 ... -0.22020529 -0.04378632
 -0.05294462]",3564
"[ 0.08398677  0.19721923  0.2545703  ...  0.0577096  -0.38538715
  0.07502674]",4158
"[ 0.05943962  0.18726364  0.25654947 ...  0.08860468 -0.32136458
  0.06571903]",4158
"[-0.33077087 -0.27015373 -0.24239982 ... -0.21351826  0.11652027
 -0.09668231]",4158
"[-0.26032966 -0.13552374 -0.06317819 ... -0.31956452 -0.33228114
 -0.00721561]",4554
"[-0.18494591 -0.07857751 -0.02201677 ... -0.16904929 -0.46236715
  0.02769139]",4554
"[-0.14400662 -0.03570541  0.00678129 ... -0.16060649 -0.46693417
  0.0257586 ]",4554
"[-1.19895904 -1.19895904 -1.19895904 ... -0.3910982  -0.5562917
  0.0139893 ]",4554
"[-2.47604387 -2.47604387 -2.47604387 ... -0.33185989 -0.37300035
 -0.00346673]",4158
"[-0.21579025 -0.11844422 -0.07137022 ... -0.31380939 -0.60526949
  0.02833759]",4356
"[-0.13765093 -0.05313487 -0.02168485 ... -0.32752955 -0.58637989
  0.02627659]",4356
"[-1.16184239 -1.16184239 -1.16184239 ... -0.40877408 -0.43032131
 -0.03236624]",4158
"[-0.25287306 -0.1765691  -0.15050662 ... -0.24258336 -0.32619631
  0.00310859]",4554
"[-0.17471381 -0.08381983 -0.03843852 ... -0.27769256 -0.58215892
  0.03369056]",4752
"[-0.13248184 -0.04507442 -0.01397072 ... -0.3464151  -0.62924713
  0.03018848]",4752
"[-0.27566556 -0.19908605 -0.17310941 ... -0.2365407  -0.3989206
 -0.00751235]",4554
"[-0.27535179 -0.19850206 -0.17647298 ... -0.2334449  -0.25928926
  0.00219997]",3960
"[-0.1615896  -0.07468443 -0.02758172 ... -0.13797951 -0.56267393
  0.03935944]",4158
"[-0.07950266 -0.00199671  0.03351151 ... -0.22935176 -0.6098606
  0.03759637]",4158
"[-1.21697333 -1.21697333 -1.21697333 ... -0.38455927 -0.4639062
 -0.01601292]",4158
"[-0.40293417 -0.38420736 -0.39206204 ... -0.36597726 -0.20275331
 -0.05702785]",4752
"[ 0.24495792  0.42092598  0.50918748 ... -0.12096509 -0.63111687
  0.06502812]",4752
"[ 0.12086752  0.25261037  0.32106382 ... -0.15859708 -0.63689262
  0.06787681]",4950
"[-0.38040829 -0.35760438 -0.36724373 ... -0.44651669 -0.21505186
 -0.11067043]",4752
"[-0.34986605 -0.31861911 -0.31994728 ... -0.36860409 -0.04859059
 -0.08342927]",4158
"[-0.01642745  0.10134344  0.17177727 ...  0.04410208 -0.5537535
  0.07133771]",4356
"[-0.01849922  0.09809234  0.15596805 ... -0.07086515 -0.56352806
  0.06893919]",4356
"[-1.30208959 -1.30208959 -1.30208959 ... -0.43380368 -0.10949742
 -0.09799865]",4158
"[ 0.0433123   0.15874556  0.2139426  ... -0.21009585 -0.61139864
  0.05063384]",4356
"[ 0.05737001  0.1803392   0.23641796 ... -0.24352804 -0.62814492
  0.05216905]",4554
"[-0.38892356 -0.34454673 -0.34012967 ... -0.38799903 -0.27199578
 -0.04921883]",4356
"[ 0.01991652  0.16924743  0.24133459 ... -0.26933247 -0.63087308
  0.04389507]",4356
"[-0.00873588  0.13112267  0.19961923 ... -0.19832122 -0.64165908
  0.05089358]",4554
"[-0.56496831 -0.50935409 -0.48710846 ... -0.45095035 -0.42259508
 -0.03434775]",4356
"[-0.25102529 -0.20112317 -0.19665922 ... -0.41015705 -0.1721033
 -0.06460403]",4158
"[-0.2492619  -0.20597001 -0.20263133 ... -0.4350487  -0.23135155
 -0.05893894]",4158
"[-0.09992129  0.0575253   0.13747135 ... -0.32509857 -0.70663387
  0.04519373]",4158
"[-0.21054219 -0.17171746 -0.15523286 ... -0.46685225 -0.21452013
 -0.06681789]",4356
"[-0.17614531 -0.13004716 -0.10828695 ... -0.45412797 -0.23072003
 -0.0573538 ]",4356
"[-0.10399975  0.05049177  0.12274759 ... -0.19790994 -0.6779685
  0.03709341]",4356
"[-0.09566499  0.04579162  0.12006    ... -0.21548793 -0.46586177
  0.03849058]",4356
"[-1.52400536 -1.52400536 -1.52400536 ... -0.40449652 -0.24445993
 -0.06322886]",4356
"[-0.25409184 -0.23062761 -0.2132129  ... -0.42197514 -0.2426779
 -0.06742317]",4356
"[-0.01254452  0.16324611  0.25691155 ... -0.18799552 -0.72175753
  0.04566985]",4158
"[-0.02646155  0.11630075  0.1854825  ... -0.21208872 -0.4379954
  0.03086248]",4356
"[-1.50262331 -1.50262331 -1.50262331 ... -0.63136214 -0.59328997
 -0.02360439]",4356
"[-0.21735577 -0.18115811 -0.16949985 ... -0.65302545 -0.55830508
 -0.0607232 ]",4356
"[-0.11625508  0.03381843  0.09687849 ... -0.15895231 -0.62100059
  0.03736609]",4356
"[-0.18093047 -0.05286944  0.00866614 ... -0.33782694 -0.41358474
  0.01151103]",4356
"[-1.18115086 -1.18115086 -1.18115086 ... -0.13771316 -0.44741592
  0.03192936]",4554
"[-0.10995257 -0.03950251 -0.0274245  ... -0.12697662 -0.42400005
  0.03144082]",4554
"[-0.22551088 -0.159749   -0.13389748 ... -0.25036469 -0.44613791
  0.0186992 ]",4554
"[-0.29059455 -0.16663466 -0.09924755 ... -0.30740544 -0.36666062
  0.00847278]",3762
"[-1.18208012 -1.18208012 -1.18208012 ... -0.33000976 -0.56259137
  0.03307796]",3960
"[-0.10485643 -0.02430555 -0.00122641 ... -0.35322353 -0.5744943
  0.03304087]",3960
"[-0.23950456 -0.12423272 -0.07836911 ... -0.32945812 -0.41781908
  0.01316451]",3960
"[-0.3134707  -0.26574319 -0.26338715 ... -0.36159432 -0.3982898
  0.00659831]",4356
"[-0.10874636 -0.02341063  0.00813732 ... -0.29179683 -0.62389386
  0.03496358]",4356
"[-0.12710807 -0.04207232 -0.02029549 ... -0.22722711 -0.55899435
  0.03608377]",4554
"[-0.27653526 -0.22417788 -0.21996079 ... -0.43641254 -0.54982251
  0.01632344]",4554
"[-0.25244228 -0.19218167 -0.1744693  ... -0.36553937 -0.38797507
  0.00301327]",3960
"[-1.16279606 -1.16279606 -1.16279606 ... -0.16812034 -0.49549708
  0.04101232]",3960
"[-0.23659315 -0.13488033 -0.08415191 ... -0.17354761 -0.51436377
  0.03709999]",4158
"[-0.23011819 -0.17457206 -0.16154249 ... -0.49033684 -0.60346991
  0.016098  ]",4158
"[-0.0242372   0.06880192  0.12359996 ... -0.34032324 -0.40807554
  0.01092209]",3366
"[ 0.9838901   0.90344642  0.86158275 ... -0.51253837 -0.63996029
  0.00877285]",3366
"[-0.93187089 -0.93187089 -0.93187089 ... -0.5338521  -0.68063086
  0.0104207 ]",3564
"[-1.68924941 -1.68924941 -1.68924941 ... -0.52534896 -0.69064558
  0.02490001]",3168
"[ 1.13426142  1.12744564  1.11186796 ... -0.33563194 -0.34840363
  0.00887629]",3960
"[-0.94941492 -0.94941492 -0.94941492 ... -0.47282928 -0.56173342
 -0.00582965]",3960
"[-0.95564871 -0.95564871 -0.95564871 ... -0.47485861 -0.57999098
 -0.0034495 ]",4158
"[-0.16888503 -0.07966619 -0.03902087 ... -0.52745003 -0.63025743
  0.01579315]",4158
"[-0.72879984 -0.66621202 -0.65353861 ... -0.37067923 -0.30824149
 -0.02888912]",3762
"[ 0.07624058  0.23046765  0.32644816 ... -0.31187868 -0.64248168
  0.0373142 ]",3960
"[-0.08687168  0.05118934  0.11682125 ... -0.3284308  -0.63396502
  0.0347947 ]",4158
"[-0.23072047 -0.19195058 -0.18934331 ... -0.50972909 -0.40249372
 -0.05812814]",3564
"[-3.32581044 -3.32581044 -3.32581044 ... -0.33222082 -0.33682695
 -0.00511562]",3762
"[ 1.21988956  1.20720202  1.19437081 ... -0.31023622 -0.68957418
  0.03883849]",3960
"[ 1.23018812  1.20447817  1.18749327 ... -0.28346995 -0.63694918
  0.03794817]",4158
"[-1.75071834 -1.75071834 -1.75071834 ... -0.29579732 -0.25024924
 -0.02003522]",4158
"[-0.26888012 -0.20651865 -0.18136942 ... -0.22273757 -0.10589873
 -0.00257611]",3564
"[-0.14071303 -0.02954445  0.01582432 ... -0.16103706 -0.64200217
  0.0461403 ]",4158
"[-0.17558655 -0.06365393 -0.01429762 ... -0.17322876 -0.6260196
  0.04193668]",4356
"[-0.24480888 -0.18680924 -0.16320077 ... -0.29256788 -0.15515
 -0.00908947]",4158
"[-0.36745587 -0.26840395 -0.20189774 ... -0.31278211 -0.21203652
 -0.03824378]",3762
"[-0.93548843 -0.93548843 -0.93548843 ... -0.40673622 -0.74336618
  0.0432505 ]",3762
"[-0.12676991 -0.003761    0.05907887 ... -0.30107152 -0.65179229
  0.0445087 ]",3762
"[-0.19038747 -0.10721547 -0.07081882 ... -0.40099412 -0.07452296
 -0.08934791]",3762
"[-0.09403403  0.05224118  0.12817308 ... -0.3613956  -0.0775568
 -0.06014794]",3960
"[-0.11875293  0.03214416  0.1211157  ... -0.37860653 -0.06933501
 -0.06250798]",3960
"[-0.32672316 -0.28683918 -0.27930369 ... -0.0134126  -0.56562215
  0.06306148]",3762
"[-1.32806154 -1.32806154 -1.32806154 ... -0.60113794 -0.21961363
 -0.06922454]",4356
"[-1.23362859 -1.23362859 -1.23362859 ... -0.5929358  -0.20110109
 -0.07399753]",4554
"[ 0.06448563  0.24273882  0.33007656 ... -0.21208297 -0.59295732
  0.04518476]",4356
"[-1.15164849 -1.15164849 -1.15164849 ... -0.41463494 -0.04674109
 -0.07264388]",3564
"[-1.10096985 -1.10096985 -1.10096985 ... -0.43648204 -0.06703252
 -0.07203617]",3564
"[ 0.01423015  0.17244023  0.24626614 ... -0.09217882 -0.65212929
  0.06468346]",3564
"[-1.17674651 -1.17674651 -1.17674651 ... -0.61898941 -0.41832793
  0.00171588]",3564
"[-1.0931314  -1.0931314  -1.0931314  ... -0.61721724 -0.41709366
  0.00491864]",3564
"[ 0.06436358  0.23009959  0.3030811  ... -0.35512614 -0.66451335
  0.02541907]",3366
"[ 0.84819962  0.91289986  1.0053361  ... -0.30112875 -0.34430745
  0.00857862]",3762
"[ 0.13197493  0.15589577  0.15109407 ... -0.56185788 -0.62626046
 -0.00698707]",3564
"[ 0.13411727  0.15704325  0.15244125 ... -0.53358233 -0.61910933
 -0.0015343 ]",3564
"[-2.06454144 -2.06454144 -2.06454144 ... -0.51383048 -0.6097191
  0.01475693]",3960
"[-0.23547561 -0.16277954 -0.13065881 ... -0.23207614 -0.37598142
  0.01743171]",3168
"[-0.17297504 -0.08515724 -0.04626608 ... -0.52329278 -0.66456228
  0.0080546 ]",3366
"[-0.18490136 -0.11060331 -0.08056297 ... -0.53617346 -0.64158821
  0.01078724]",3564
"[-0.136495   -0.07088826 -0.04546164 ... -0.25533122 -0.54528469
  0.03987139]",3366
"[-0.1112132  -0.18106464 -0.17259106 ... -0.37131399 -0.41465572
 -0.0268292 ]",3366
"[-1.19287047 -1.19287047 -1.19287047 ... -0.26535249 -0.27671981
 -0.00544743]",2772
"[-1.16938037 -1.16938037 -1.16938037 ... -0.27691028 -0.29804519
 -0.00473288]",2772
"[-0.12667425 -0.16594573 -0.16406273 ... -0.48326948 -0.50418496
 -0.04119698]",3762
"[-0.12559544 -0.04475406 -0.01019015 ... -0.24598093 -0.34871835
 -0.01752944]",3564
"[-1.14233228 -1.14233228 -1.14233228 ... -0.34199861 -0.28992859
  0.01127033]",3564
"[-1.14508112 -1.14508112 -1.14508112 ... -0.32325363 -0.29758596
  0.01613532]",3564
"[-0.23164266 -0.1262892  -0.08455371 ... -0.40532824 -0.28764355
 -0.05478018]",3762
"[-0.3513623  -0.30840659 -0.302787   ... -0.40923303 -0.24191675
 -0.07327024]",2574
"[ 1.24622674  1.2757875   1.2712084  ... -0.5088256  -0.28178009
  0.02518951]",1980
"[ 1.24234014  1.27217466  1.26755316 ... -0.51917249 -0.3589699
  0.0313363 ]",1980
"[-0.29148486 -0.33752299 -0.3199424  ... -0.44349027 -0.55319029
 -0.11686448]",1980
"[-0.31780975 -0.26338134 -0.24914498 ... -0.36577243 -0.14903177
 -0.06175148]",3564
"[-1.15618582 -1.15618582 -1.15618582 ... -0.22538806 -0.51476592
  0.05497636]",2574
"[-1.12033602 -1.12033602 -1.12033602 ... -0.27072167 -0.54501307
  0.05121258]",2574
"[-0.41962086 -0.47319318 -0.44490101 ... -0.39190266 -0.11157965
 -0.0947932 ]",2772
"[-0.05594162  0.08905759  0.17841678 ... -0.02823718 -0.35950434
  0.05551238]",3762
"[-1.38680632 -1.38680632 -1.38680632 ... -0.64587259 -0.16296329
 -0.10036787]",3564
"[-1.44516985 -1.44516985 -1.44516985 ... -0.61538219 -0.12799899
 -0.11504056]",3564
"[-0.04325141  0.10313066  0.1939706  ... -0.01512413 -0.59185743
  0.08442439]",3366
"[ 0.18176549  0.34052232  0.45284416 ... -0.14016666 -0.36237955
  0.03479569]",3564
"[-1.78402073 -1.78402073 -1.78402073 ... -0.44367245 -0.16391079
 -0.09320928]",4554
"[-1.49653499 -1.49653499 -1.49653499 ... -0.4531709  -0.23348567
 -0.08903026]",4554
"[-0.00805579  0.14723544  0.25737912 ... -0.11573159 -0.5663327
  0.05333602]",4752
"[ 0.06152937  0.01235285  0.03938682 ... -0.22697678 -0.40719533
  0.0197094 ]",2970
"[-0.17237876 -0.1207152  -0.10229191 ... -0.18085167 -0.37704039
  0.02175473]",3168
"[-1.27304232 -1.27304232 -1.27304232 ... -0.54804486 -0.25029406
 -0.08916923]",3168
"[ 0.05983323  0.13020716  0.18731895 ... -0.1504076  -0.34833619
  0.01575235]",2970
"[ 0.05287506  0.12351033  0.1808342  ... -0.05769213 -0.39061052
  0.03247306]",2970
"[-1.19481026 -1.19481026 -1.19481026 ... -0.52187836 -0.33584929
 -0.04718984]",2970
"[ 0.06219938  0.1608924   0.23178705 ... -0.18697248 -0.43726191
  0.02146587]",3564
"[ 0.0562917   0.15598251  0.22759391 ... -0.08098012 -0.43395206
  0.03587198]",3564
"[-1.21373562 -1.21373562 -1.21373562 ... -0.43628919 -0.33991539
 -0.04914231]",3366
"[ 0.09515489  0.21054897  0.29467046 ...  0.15481181 -0.59435821
  0.10604485]",2772
"[ 0.07876161  0.19615323  0.28173091 ...  0.07265251 -0.59515786
  0.1009386 ]",2772
"[-1.24120406 -1.24120406 -1.24120406 ... -0.50931263  0.1025814
 -0.13718699]",2772
"[-3.028115   -3.028115   -3.028115   ... -0.37360182 -0.09940482
 -0.07418481]",2970
"[ 0.24394599  0.38253213  0.48776418 ... -0.12026139 -0.4062013
  0.0373621 ]",2376
"[ 0.25236825  0.39107881  0.49640533 ... -0.01455861 -0.33495149
  0.0479642 ]",2376
"[-1.63992784 -1.63992784 -1.63992784 ... -0.52082264 -0.07582172
 -0.13124977]",2574
"[-0.20218036 -0.07239831 -0.01327044 ... -0.14405729 -0.38267833
  0.0255424 ]",3366
"[-1.4572948  -1.4572948  -1.4572948  ... -0.4563382  -0.28199336
 -0.09013848]",3366
"[-1.4707639  -1.4707639  -1.4707639  ... -0.42534447 -0.25423855
 -0.07488135]",3366
"[ 1.23883279  1.33913603  1.40522419 ... -0.25406858 -0.53770214
  0.02965713]",3168
"[-2.57083938 -2.57083938 -2.57083938 ... -0.35743812 -0.41844329
 -0.02869758]",3366
"[-0.09011189 -0.12742716 -0.11104062 ... -0.46248791 -0.63337809
 -0.04034625]",1980
"[-0.0954192  -0.13276633 -0.11636579 ... -0.41712743 -0.86305469
 -0.02813852]",1980
"[-1.22299759 -1.22299759 -1.22299759 ... -0.47165737 -0.60960889
 -0.03395274]",2574
"[-0.17529046 -0.10414077 -0.07701188 ... -0.30900809 -0.36568949
  0.01342574]",3960
"[-0.25382928 -0.19263576 -0.18059072 ... -0.2642673  -0.57558346
  0.02742054]",3960
"[-1.20305026 -1.20305026 -1.20305026 ... -0.26384115 -0.54938996
  0.02832682]",3960
"[-1.17582472 -1.17582472 -1.17582472 ... -0.39743125 -0.49976066
  0.02207032]",3960
"[-0.22484504 -0.12372626 -0.09633601 ... -0.25672603 -0.37724882
  0.01761815]",3960
"[-0.12240634 -0.03454066  0.01319419 ... -0.28631744 -0.44860768
  0.01350403]",4158
"[-0.09022381 -0.00662268  0.0326655  ... -0.25160939 -0.43653071
  0.01653106]",4158
"[-1.18011218 -1.18011218 -1.18011218 ... -0.23685808 -0.44428369
  0.03044377]",4158
"[-0.33320355 -0.26488592 -0.25598164 ... -0.23703159  0.01436389
 -0.02801185]",4752
"[-0.05494992  0.03347385  0.07393859 ... -0.09301655 -0.54196101
  0.06081483]",4950
"[-0.01600138  0.07428885  0.1020185  ... -0.06102165 -0.49376035
  0.06113516]",4950
"[-1.12758163 -1.12758163 -1.12758163 ... -0.28408992  0.07127532
 -0.07092155]",4950
"[-0.48210112 -0.3820425  -0.34024338 ... -0.32505083 -0.1171388
 -0.05881391]",4158
"[ 0.0997991   0.2579216   0.34373968 ... -0.18218382 -0.56504864
  0.06472368]",4356
"[ 0.08871026  0.26708227  0.33346799 ... -0.16710055 -0.57957828
  0.0664658 ]",4356
"[-1.54839334 -1.54839334 -1.54839334 ... -0.393433   -0.01531831
 -0.10196304]",4356
"[-0.11459082  0.02140624  0.09412721 ... -0.23837408 -0.43040493
  0.02526086]",5148
"[-0.15006076 -0.07591106 -0.05147312 ... -0.41286191 -0.32411024
  0.01790731]",5148
"[-0.09936929 -0.03498288 -0.02069457 ... -0.35064718 -0.30850369
  0.01892039]",5346
"[-0.12004034  0.0145511   0.07383025 ... -0.31311172 -0.69128263
  0.04034555]",5346
"[-0.04550208  0.07601632  0.18382948 ... -0.25716016 -0.25679529
  0.00992055]",4752
"[-0.12389125 -0.04809664 -0.01260904 ... -0.19637389 -0.44169244
  0.02631435]",4950
"[-0.06668831  0.02316618  0.04826531 ... -0.2407743  -0.47456878
  0.02675557]",4950
"[-1.22054009 -1.22054009 -1.22054009 ... -0.22895554 -0.23259938
  0.02159856]",4950
"[-0.16762746 -0.0614792  -0.01565251 ... -0.1898873  -0.50626361
  0.04743754]",4158
"[-0.08690627  0.03383297  0.07904153 ... -0.14826821 -0.51840049
  0.05594276]",4158
"[-0.19186312 -0.11509289 -0.09129679 ... -0.34614259 -0.09447444
 -0.0315608 ]",4158
"[-0.00482187  0.13361545  0.18953809 ... -0.20682102 -0.56832987
  0.04434786]",3960
"[-0.02230706  0.10962957  0.16249655 ... -0.18759432 -0.58178526
  0.05106884]",4158
"[-1.4862378  -1.4862378  -1.4862378  ... -0.28710037 -0.0707725
 -0.02160207]",4158
"[-0.12276049  0.01101573  0.09137243 ... -0.11392187 -0.51559091
  0.04768418]",5346
"[-0.05097919  0.09518421  0.17332942 ... -0.09676545 -0.51737094
  0.04601983]",5346
"[-0.27429176 -0.16731954 -0.13101552 ... -0.26633659 -0.20098984
 -0.02578602]",5346
"[-0.08725567  0.04756346  0.12804026 ... -0.12795211 -0.48650044
  0.04091742]",5940
"[ 0.01417052  0.1517738   0.24630719 ... -0.10771959 -0.45869112
  0.04408339]",5940
"[-0.29557626 -0.19840373 -0.16585971 ... -0.30650854 -0.13953745
 -0.04932012]",5940
"[-0.31884688 -0.22237967 -0.18696092 ... -0.3209278  -0.39766175
  0.01582777]",4950
"[-0.04069139  0.10549286  0.17754242 ... -0.29413596 -0.44942439
  0.03433494]",5148
"[-0.0346105   0.11746938  0.19230874 ... -0.23901679 -0.45043278
  0.03582302]",5148
"[-0.28386819 -0.18904106 -0.15241393 ... -0.31415322 -0.47053009
  0.02492359]",5148
"[-0.22927934 -0.10852583 -0.05596477 ... -0.30565113 -0.40362421
  0.01320125]",4554
"[-0.07930996  0.03436314  0.07028726 ... -0.29513201 -0.48895597
  0.03620537]",4752
"[-0.08157948  0.03076096  0.06977402 ... -0.32425147 -0.52890384
  0.03604378]",4752
"[-0.24324872 -0.11923641 -0.06611911 ... -0.41197565 -0.55180013
  0.022571  ]",4752
"[ 0.08917599  0.28094487  0.38560927 ... -0.14687467 -0.3962644
  0.03246506]",4158
"[-2.25357362 -2.25357362 -2.25357362 ... -0.50336283 -0.21929412
 -0.07474365]",4356
"[-1.76501316 -1.76501316 -1.76501316 ... -0.35698536 -0.19557099
 -0.05296065]",4356
"[-0.1420786   0.03987299  0.117215   ... -0.05861367 -0.60952252
  0.06081736]",4356
"[-0.03855232  0.14012362  0.22695173 ... -0.32140505 -0.28992429
  0.00132757]",4158
"[-1.54464928 -1.54464928 -1.54464928 ... -0.19626547 -0.52826256
  0.03396351]",4356
"[-0.20034036 -0.16428101 -0.18273407 ... -0.17297865 -0.49975756
  0.03569742]",4356
"[ 0.01510203  0.18184846  0.25219877 ... -0.38221481 -0.25774935
 -0.00607774]",4356
"[-0.30734248 -0.22595496 -0.20268941 ... -0.32521054 -0.18291292
 -0.0150998 ]",4356
"[-0.01545397  0.11471701  0.17579506 ... -0.13650875 -0.58617288
  0.05750053]",4554
"[-0.01646734  0.11166413  0.17120642 ... -0.15375832 -0.55152023
  0.05470128]",4554
"[-0.22504344 -0.13517434 -0.10925201 ... -0.36400929 -0.21953315
 -0.0533806 ]",4554
"[-0.33060796 -0.26685151 -0.2538753  ... -0.27791068 -0.26786369
 -0.00156824]",5742
"[ 0.15471418  0.29512855  0.37910614 ... -0.13773017 -0.49030715
  0.03330851]",5940
"[ 0.12724599  0.2701639   0.35436908 ... -0.12188538 -0.47053233
  0.03479741]",5940
"[-0.32862632 -0.26873146 -0.25259754 ... -0.28079107 -0.21815954
 -0.01285138]",5742
"[-0.0561862   0.06750705  0.11309199 ... -0.22550547 -0.45122659
  0.03845586]",4356
"[-0.0264118   0.108211    0.16017724 ... -0.29799634 -0.51625264
  0.03622937]",4554
"[-0.30819784 -0.18842186 -0.14074596 ... -0.32757363 -0.45934749
  0.02460317]",4356
"[-0.09057494 -0.05120217 -0.04178104 ... -0.30435455 -0.49964565
  0.03650042]",5742
"[-0.12341217  0.00867466  0.06149156 ... -0.32461902 -0.52189088
  0.03552378]",5742
"[-0.23055959 -0.11927716 -0.07412047 ... -0.27539736 -0.40433964
  0.02251292]",5544
"[-0.29635304 -0.21619505 -0.15302256 ... -0.22173201 -0.22021456
 -0.01356143]",5148
"[-0.13039803 -0.03781135 -0.00721049 ... -0.21487936 -0.41438729
  0.0229985 ]",5148
"[-0.08506093  0.0041725   0.02686966 ... -0.2168594  -0.41040063
  0.02403374]",5148
"[-0.22922661 -0.17671912 -0.13758092 ... -0.30368847 -0.32948336
 -0.0120679 ]",4950
"[-3.3824447  -3.3824447  -3.3824447  ... -0.23164223 -0.20277548
 -0.01344473]",4950
"[-0.02335418  0.07571945  0.1162853  ... -0.10820751 -0.32378599
  0.02662838]",4950
"[-0.01586436  0.08428486  0.13072037 ... -0.11538061 -0.37447929
  0.03099992]",4950
"[-0.22939621 -0.15829636 -0.14160421 ... -0.15340255 -0.19759281
 -0.00793389]",4752
"[-3.23554656 -3.23554656 -3.23554656 ... -0.18704352 -0.12405619
 -0.01649368]",4158
"[-0.0329187   0.07550033  0.13094557 ... -0.02059031 -0.2900542
  0.03963283]",4158
"[ 0.00449333  0.10713318  0.1489514  ... -0.03130418 -0.31582752
  0.04036704]",4158
"[-0.33447036 -0.29019076 -0.27701179 ... -0.12130952  0.01004831
 -0.03475775]",3960
"[ 0.0546186   0.19497929  0.26874134 ... -0.0920254  -0.28085941
  0.03463202]",5148
"[-0.19523628 -0.14690091 -0.1459237  ... -0.39721638 -0.27668771
 -0.04981708]",5346
"[-0.10063172 -0.04549649 -0.04028646 ... -0.38806075 -0.29119611
 -0.04782702]",5346
"[-0.17982774 -0.03245781  0.03364752 ... -0.10114112 -0.44254681
  0.0582587 ]",5346
"[ 3.85394039e-02  1.78721123e-01  2.44984183e-01 ... -2.59762368e-04
 -3.22377115e-01  8.65480229e-02]",3960
"[-1.97296631 -1.97296631 -1.97296631 ... -0.31876707  0.02050024
 -0.10420186]",4158
"[-0.19974735 -0.1388789  -0.12888583 ... -0.31235266  0.00910339
 -0.10853332]",4158
"[-0.11086973  0.01889472  0.08718284 ...  0.14882018 -0.38222244
  0.11979444]",4158
"[ 0.13772136  0.31161876  0.38855125 ... -0.03495678 -0.269627
  0.05076827]",4356
"[-0.29042255 -0.29976165 -0.33311446 ... -0.29433692 -0.12338263
 -0.06030526]",4554
"[-0.1527565  -0.17682218 -0.21550581 ... -0.29598981 -0.07897803
 -0.07058312]",4554
"[ 1.24462214  1.26120243  1.2847867  ... -0.01746517 -0.42837948
  0.07564953]",4554
"[-0.16359325 -0.08866109 -0.06328985 ... -0.15992528 -0.23864277
 -0.00308164]",4158
"[-0.1678133  -0.08979819 -0.05754428 ... -0.15269803 -0.25042081
  0.00420814]",4158
"[-0.11815695  0.02328841  0.08740004 ... -0.07994799 -0.22681965
  0.00549289]",4158
"[-0.10963112 -0.02337305  0.00682166 ... -0.22684523 -0.40880319
  0.02309975]",4950
"[-0.06104312  0.02981453  0.06203197 ... -0.23821123 -0.44043311
  0.02820684]",4950
"[-0.12253993 -0.03495888 -0.00377273 ... -0.12317724 -0.16245459
 -0.01609044]",4950
"[-0.08758785  0.02063596  0.07003268 ... -0.05568699 -0.44571102
  0.04689388]",4158
"[-0.04651222  0.06305534  0.11911297 ... -0.04166986 -0.42058966
  0.04856865]",4158
"[-0.1584366  -0.09280896 -0.08042517 ... -0.17800862  0.06297406
 -0.07473298]",4158
"[ 0.1025798   0.23124423  0.29828796 ...  0.0759458  -0.55316091
  0.05213854]",4752
"[ 0.05205461  0.18169085  0.25736185 ...  0.10316827 -0.63863426
  0.05991833]",4950
"[-0.27360211 -0.2255212  -0.2231948  ... -0.60147136  0.12716648
 -0.03969287]",4950
"[-0.30285584 -0.24682554 -0.24266543 ... -0.17939153 -0.26435673
  0.00676042]",4950
"[-0.04127473  0.07800059  0.14199196 ... -0.21571617 -0.33935729
  0.01676873]",5148
"[-0.03896215  0.08010363  0.14932936 ... -0.27052209 -0.35804927
 -0.00341179]",5148
"[-1.77788582 -1.77788582 -1.77788582 ... -0.2244041  -0.44731665
  0.02425095]",5148
"[-0.15839452 -0.04247416  0.01600897 ... -0.31098184 -0.42820135
  0.01256828]",3168
"[-1.21498356e+00 -1.21498356e+00 -1.21498356e+00 ... -6.33123994e-01
 -7.74345934e-01  4.16858296e-04]",3564
"[-1.11254518 -1.11254518 -1.11254518 ... -0.66424406 -0.78423244
 -0.00453603]",3564
"[ 0.31109594  0.40389537  0.43308263 ... -0.40044779 -0.71860391
  0.03422555]",2970
"[-0.19751299 -0.10439243 -0.04761097 ... -0.32184657 -0.38545212
  0.01131157]",3960
"[-0.18698993 -0.11318372 -0.08649559 ... -0.59308755 -0.703399
 -0.01171731]",3762
"[-0.1754517  -0.1018941  -0.07986256 ... -0.57660615 -0.68233043
 -0.00580983]",3960
"[-0.11896191 -0.03122166  0.00900621 ... -0.55423683 -0.73346621
  0.02334345]",3960
"[-0.18016785 -0.09346686 -0.03867614 ... -0.27997306 -0.37035885
  0.00970753]",4554
"[-1.00125756 -1.00125756 -1.00125756 ... -0.58781278 -0.70163256
 -0.00505411]",4554
"[-0.93402368 -0.93402368 -0.93402368 ... -0.57889616 -0.69425356
 -0.00384885]",4554
"[-0.12116176 -0.04294673  0.0077443  ... -0.4303807  -0.62652922
  0.02096739]",4554
"[-0.15587332 -0.04916586 -0.00423744 ... -0.32119158 -0.37292454
  0.01058775]",4158
"[-0.93378411 -0.93378411 -0.93378411 ... -0.50495058 -0.65240997
  0.01264916]",4158
"[-0.92874017 -0.92874017 -0.92874017 ... -0.53669077 -0.67036706
  0.01036925]",4356
"[-0.20092897 -0.09887136 -0.05767716 ... -0.59948432 -0.70297176
  0.01973088]",4356
"[-0.51384829 -0.48838759 -0.48901134 ... -0.31449375 -0.09191434
 -0.03327025]",3366
"[ 1.20053423  1.18225529  1.19487279 ... -0.10948982 -0.65440112
  0.04985596]",3366
"[-0.94002242 -0.94002242 -0.94002242 ... -0.14776973 -0.67079204
  0.05320293]",3366
"[-0.22557636 -0.19210994 -0.18276399 ... -0.3827582  -0.15303104
 -0.04941044]",3564
"[-0.27584787 -0.23146228 -0.22935582 ... -0.34839627 -0.2293274
 -0.02238563]",4554
"[ 0.08962187  0.21403285  0.33737074 ... -0.31823695 -0.60621536
  0.03847401]",4356
"[ 0.11179642  0.24116399  0.36941573 ... -0.31207153 -0.58340418
  0.03812044]",4356
"[-0.32543107 -0.3236637  -0.33711396 ... -0.3498055  -0.22788884
 -0.04857638]",4158
"[-2.59217381 -2.59217381 -2.59217381 ... -0.52342612 -0.29695317
 -0.07700174]",4752
"[-2.13305547 -2.13305547 -2.13305547 ... -0.47911918 -0.27528554
 -0.07749291]",4752
"[ 0.23312588  0.42952691  0.57293204 ... -0.19753806 -0.55829698
  0.04707945]",4356
"[-1.24033847 -1.24033847 -1.24033847 ... -0.40978268 -0.23581894
 -0.03443953]",3762
"[-1.1873401  -1.1873401  -1.1873401  ... -0.36844441 -0.20814289
 -0.04991296]",3762
"[-0.07082944  0.0630345   0.12609374 ... -0.31779537 -0.65161079
  0.02929306]",3960
